project_id,year,metric_key,metric_label,value,unit,source_url,source_label
paris-marne-la-vallee-ecoquartier-2022,2020,low_carbon_dwellings,Low-carbon dwellings delivered,200,dwellings,https://www.epamarne-epafrance.fr/cite-descartes,EPAMARNE – Cité Descartes
paris-marne-la-vallee-ecoquartier-2022,2022,low_carbon_dwellings,Low-carbon dwellings delivered,650,dwellings,https://www.epamarne-epafrance.fr/cite-descartes,EPAMARNE – Cité Descartes
paris-marne-la-vallee-ecoquartier-2022,2024,low_carbon_dwellings,Low-carbon dwellings delivered,1200,dwellings,https://www.epamarne-epafrance.fr/cite-descartes,EPAMARNE – Cité Descartes
lisboa-corredores-verdes-2019,2015,green_corridor_km,Green corridor length,8,km,https://www.lisboa.pt/cidade/ambiente/corredores-verdes,Câmara Municipal de Lisboa
lisboa-corredores-verdes-2019,2019,green_corridor_km,Green corridor length,24,km,https://www.lisboa.pt/cidade/ambiente/corredores-verdes,Câmara Municipal de Lisboa
lisboa-corredores-verdes-2019,2023,green_corridor_km,Green corridor length,41,km,https://www.lisboa.pt/cidade/ambiente/corredores-verdes,Câmara Municipal de Lisboa
helsinki-region-kera-2023,2024,planned_homes,Homes planned (projected),300,homes,https://www.espoo.fi/en/kera,City of Espoo – Kera
helsinki-region-kera-2023,2026,planned_homes,Homes planned (projected),1200,homes,https://www.espoo.fi/en/kera,City of Espoo – Kera
helsinki-region-kera-2023,2030,planned_homes,Homes planned (projected),2500,homes,https://www.espoo.fi/en/kera,City of Espoo – Kera
